{
    "epoch": 1000.0,
    "eval_accuracy": 0.9385959048280268,
    "eval_f1": 0.9480634096777492,
    "eval_loss": 0.5587874054908752,
    "eval_precision": 0.9457325047422374,
    "eval_recall": 0.9542438457535393,
    "eval_runtime": 2.2366,
    "eval_samples": 330,
    "eval_samples_per_second": 147.545,
    "eval_steps_per_second": 2.683,
    "predict_accuracy": 0.9337249733771807,
    "predict_f1": 0.9433292617183983,
    "predict_loss": 0.6084080338478088,
    "predict_precision": 0.9372790840803308,
    "predict_recall": 0.9538565764515814,
    "predict_runtime": 2.17,
    "predict_samples_per_second": 152.071,
    "predict_steps_per_second": 2.765,
    "train_loss": 0.011378480707682987,
    "train_runtime": 41955.3622,
    "train_samples": 2665,
    "train_samples_per_second": 63.52,
    "train_steps_per_second": 2.002
}