{
    "epoch": 20.0,
    "eval_accuracy": 0.9438096659259065,
    "eval_f1": 0.9346378794267413,
    "eval_loss": 0.21439756453037262,
    "eval_precision": 0.9430409813354227,
    "eval_recall": 0.930001249666547,
    "eval_runtime": 45.2868,
    "eval_samples": 3320,
    "eval_samples_per_second": 73.311,
    "eval_steps_per_second": 2.296,
    "predict_accuracy": 0.9442583953480219,
    "predict_f1": 0.9348061397972309,
    "predict_loss": 0.23630502820014954,
    "predict_precision": 0.9436308144914775,
    "predict_recall": 0.9306471470696858,
    "predict_runtime": 45.2229,
    "predict_samples_per_second": 73.414,
    "predict_steps_per_second": 2.3,
    "train_loss": 0.13012743493319515,
    "train_runtime": 44106.6417,
    "train_samples": 59845,
    "train_samples_per_second": 27.137,
    "train_steps_per_second": 1.131
}